elapsed_s,active,pending,idle,max
0.0,0.0,0.0,10.0,10.0
1.5,0.0,0.0,10.0,10.0
2.5,0.0,0.0,10.0,10.0
3.6,0.0,0.0,10.0,10.0
4.7,0.0,0.0,10.0,10.0
5.8,0.0,0.0,10.0,10.0
6.9,0.0,0.0,10.0,10.0
8.0,0.0,0.0,10.0,10.0
9.2,0.0,0.0,10.0,10.0
10.4,0.0,0.0,10.0,10.0
11.5,0.0,0.0,10.0,10.0
12.6,0.0,0.0,10.0,10.0
13.8,0.0,0.0,10.0,10.0
14.9,0.0,0.0,10.0,10.0
16.0,0.0,0.0,10.0,10.0
17.2,0.0,0.0,10.0,10.0
18.3,0.0,0.0,10.0,10.0
19.5,0.0,0.0,10.0,10.0
20.6,0.0,0.0,10.0,10.0
21.8,0.0,0.0,10.0,10.0
22.9,10.0,98.0,0.0,10.0
23.9,10.0,39.0,0.0,10.0
25.0,10.0,26.0,0.0,10.0
26.1,10.0,8.0,0.0,10.0
27.1,10.0,7.0,0.0,10.0
28.2,10.0,8.0,0.0,10.0
29.3,10.0,3.0,0.0,10.0
30.4,8.0,0.0,2.0,10.0
31.4,10.0,9.0,0.0,10.0
32.5,10.0,1.0,0.0,10.0
33.6,10.0,38.0,0.0,10.0
34.8,10.0,0.0,0.0,10.0
35.8,10.0,1.0,0.0,10.0
36.9,9.0,25.0,1.0,10.0
38.0,10.0,46.0,0.0,10.0
39.2,10.0,1.0,0.0,10.0
40.2,10.0,1.0,0.0,10.0
41.3,10.0,30.0,0.0,10.0
42.4,9.0,45.0,0.0,10.0
43.6,8.0,0.0,2.0,10.0
44.6,10.0,0.0,0.0,10.0
45.7,10.0,29.0,0.0,10.0
46.8,8.0,0.0,2.0,10.0
47.9,10.0,9.0,0.0,10.0
49.0,10.0,0.0,0.0,10.0
50.0,8.0,0.0,2.0,10.0
51.1,8.0,0.0,2.0,10.0
52.2,9.0,0.0,1.0,10.0
53.2,8.0,0.0,2.0,10.0
54.3,9.0,0.0,1.0,10.0
55.4,10.0,1.0,0.0,10.0
56.4,10.0,2.0,0.0,10.0
57.5,10.0,4.0,0.0,10.0
58.6,10.0,2.0,0.0,10.0
59.7,10.0,0.0,0.0,10.0
60.7,10.0,0.0,0.0,10.0
61.8,8.0,0.0,2.0,10.0
62.8,10.0,11.0,0.0,10.0
63.9,8.0,0.0,2.0,10.0
65.0,9.0,0.0,1.0,10.0
66.1,10.0,1.0,0.0,10.0
67.2,10.0,38.0,0.0,10.0
68.3,10.0,4.0,0.0,10.0
69.4,10.0,0.0,0.0,10.0
70.4,10.0,49.0,0.0,10.0
71.6,10.0,11.0,0.0,10.0
72.7,10.0,0.0,0.0,10.0
73.8,8.0,0.0,2.0,10.0
74.8,10.0,17.0,0.0,10.0
76.0,8.0,0.0,2.0,10.0
77.0,9.0,0.0,1.0,10.0
78.1,8.0,0.0,2.0,10.0
79.1,8.0,0.0,2.0,10.0
80.2,10.0,0.0,0.0,10.0
81.3,10.0,2.0,0.0,10.0
82.4,9.0,0.0,1.0,10.0
83.4,9.0,0.0,1.0,10.0
84.5,9.0,0.0,1.0,10.0
85.5,10.0,4.0,0.0,10.0
86.6,9.0,2.0,1.0,10.0
87.7,9.0,0.0,1.0,10.0
88.8,10.0,43.0,0.0,10.0
89.9,8.0,0.0,2.0,10.0
91.0,10.0,52.0,0.0,10.0
92.2,10.0,5.0,0.0,10.0
93.2,8.0,0.0,2.0,10.0
94.3,9.0,0.0,1.0,10.0
95.4,8.0,0.0,2.0,10.0
96.5,8.0,0.0,2.0,10.0
97.5,10.0,26.0,0.0,10.0
98.7,10.0,2.0,0.0,10.0
99.7,10.0,35.0,1.0,10.0
100.8,10.0,59.0,0.0,10.0
102.0,8.0,0.0,2.0,10.0
103.1,10.0,3.0,0.0,10.0
104.1,10.0,11.0,0.0,10.0
105.2,10.0,1.0,0.0,10.0
106.3,10.0,0.0,0.0,10.0
107.3,10.0,3.0,0.0,10.0
108.4,8.0,0.0,2.0,10.0
109.5,10.0,28.0,0.0,10.0
110.6,10.0,42.0,0.0,10.0
111.8,10.0,4.0,0.0,10.0
112.8,10.0,1.0,0.0,10.0
113.9,8.0,0.0,2.0,10.0
115.0,8.0,0.0,2.0,10.0
116.1,8.0,0.0,2.0,10.0
117.2,8.0,0.0,2.0,10.0
118.3,8.0,0.0,2.0,10.0
119.4,8.0,0.0,2.0,10.0
120.5,8.0,0.0,2.0,10.0
121.6,8.0,0.0,2.0,10.0
122.7,8.0,0.0,2.0,10.0
123.9,8.0,0.0,2.0,10.0
125.0,8.0,0.0,2.0,10.0
126.2,8.0,0.0,2.0,10.0
127.3,8.0,0.0,2.0,10.0
128.5,8.0,0.0,2.0,10.0
129.6,8.0,0.0,2.0,10.0
130.7,8.0,0.0,2.0,10.0
131.9,8.0,0.0,2.0,10.0
133.0,8.0,0.0,2.0,10.0
134.1,8.0,0.0,2.0,10.0
135.3,8.0,0.0,2.0,10.0
136.4,8.0,0.0,2.0,10.0
137.5,8.0,0.0,2.0,10.0
138.6,8.0,0.0,2.0,10.0
139.8,8.0,0.0,2.0,10.0
140.9,8.0,0.0,2.0,10.0
142.1,8.0,0.0,2.0,10.0
143.2,8.0,0.0,2.0,10.0
144.3,8.0,0.0,2.0,10.0
145.5,8.0,0.0,2.0,10.0
146.6,8.0,0.0,2.0,10.0
147.8,8.0,0.0,2.0,10.0
148.9,8.0,0.0,2.0,10.0
150.1,8.0,0.0,2.0,10.0
151.2,8.0,0.0,2.0,10.0
152.3,8.0,0.0,2.0,10.0
153.4,8.0,0.0,2.0,10.0
154.6,2.0,0.0,8.0,10.0
155.8,2.0,0.0,8.0,10.0
156.9,2.0,0.0,8.0,10.0
158.0,2.0,0.0,8.0,10.0
159.1,2.0,0.0,8.0,10.0
160.2,2.0,0.0,8.0,10.0
161.4,2.0,0.0,8.0,10.0
162.6,2.0,0.0,8.0,10.0
163.7,2.0,0.0,8.0,10.0
164.8,0.0,0.0,10.0,10.0
165.9,0.0,0.0,10.0,10.0
167.0,0.0,0.0,10.0,10.0
168.1,0.0,0.0,10.0,10.0
169.2,0.0,0.0,10.0,10.0
170.3,0.0,0.0,10.0,10.0
171.5,0.0,0.0,10.0,10.0
172.6,0.0,0.0,10.0,10.0
173.7,0.0,0.0,10.0,10.0
174.8,0.0,0.0,10.0,10.0
176.0,0.0,0.0,10.0,10.0
177.2,0.0,0.0,10.0,10.0
178.2,0.0,0.0,10.0,10.0
179.3,0.0,0.0,10.0,10.0
180.4,0.0,0.0,10.0,10.0
181.5,0.0,0.0,10.0,10.0
182.5,0.0,0.0,10.0,10.0
183.6,0.0,0.0,10.0,10.0
184.8,0.0,0.0,10.0,10.0
185.9,0.0,0.0,10.0,10.0
187.0,0.0,0.0,10.0,10.0
188.2,0.0,0.0,10.0,10.0
189.3,0.0,0.0,10.0,10.0
190.5,0.0,0.0,10.0,10.0
191.7,0.0,0.0,10.0,10.0
192.8,0.0,0.0,10.0,10.0
194.0,0.0,0.0,10.0,10.0
195.2,0.0,0.0,10.0,10.0
196.4,0.0,0.0,10.0,10.0
197.5,0.0,0.0,10.0,10.0
198.7,0.0,0.0,10.0,10.0
199.8,0.0,0.0,10.0,10.0
